{"cameraMode":{"drawMode":0,"name":"Shaded","section":"Shading Mode"},"sceneLighting":false,"audioPlay":false,"sceneViewState":{"m_AlwaysRefresh":false,"showFog":true,"showSkybox":true,"showFlares":true,"showImageEffects":true,"showParticleSystems":true,"showVisualEffectGraphs":true,"m_FxEnabled":true},"in2DMode":false,"pivot":{"x":530.4376831054688,"y":19.183822631835939,"z":-79.01649475097656},"rotation":{"x":-0.1889384388923645,"y":0.22403329610824586,"z":-0.044319674372673038,"w":-0.9550451636314392},"size":49.384220123291019,"orthographic":false}