{"cameraMode":{"drawMode":0,"name":"Shaded","section":"Shading Mode"},"sceneLighting":false,"audioPlay":false,"sceneViewState":{"m_AlwaysRefresh":false,"showFog":true,"showSkybox":true,"showFlares":true,"showImageEffects":true,"showParticleSystems":true,"showVisualEffectGraphs":true,"m_FxEnabled":true},"in2DMode":false,"pivot":{"x":558.7682495117188,"y":16.191085815429689,"z":-71.62191009521485},"rotation":{"x":-0.20973418653011323,"y":0.06683047860860825,"z":-0.014369632117450238,"w":-0.9753476977348328},"size":49.384220123291019,"orthographic":false}